<config xmlns="urn:org:jgroups"
        xmlns:xsi="http://www.w3.org/2001/XMLSchema-instance"
        xsi:schemaLocation="urn:org:jgroups http://www.jgroups.org/schema/jgroups.xsd">
    <UDP
            ucast_recv_buf_size="5M"
            ucast_send_buf_size="640K"
            mcast_recv_buf_size="5M"
            mcast_send_buf_size="640K"
            max_bundle_size="8.8K"
            ip_ttl="${jgroups.udp.ip_ttl:32}"
            enable_diagnostics="true"

            thread_pool.enabled="true"
            thread_pool.min_threads="8"
            thread_pool.max_threads="200"
            thread_pool.keep_alive_time="5000"
            thread_pool.use_common_fork_join_pool="true"
           />

    <PING />
    <MERGE3 max_interval="50"
            min_interval="10"/>
    <FD_SOCK/>
    <FD_ALL/>
    <VERIFY_SUSPECT timeout="2000"  />
    <BARRIER />
    <pbcast.NAKACK2 use_mcast_xmit="false"
                    discard_delivered_msgs="true"/>
    <UNICAST3 />
    <RSVP/>
    <pbcast.STABLE stability_delay="100" desired_avg_gossip="200"
                   max_bytes="4M"/>
    <pbcast.GMS print_local_addr="false" join_timeout="300"/>
    <UFC max_credits="2M"
         min_threshold="0.4"/>
    <MFC max_credits="2M"
         min_threshold="0.4"/>
    <FRAG2 frag_size="8.7K"  />
    <pbcast.STATE_TRANSFER />
</config>
